{
    "train_loss": [
        1.006293636735536,
        0.8016541112138279,
        0.7866325316519697,
        0.7832620911768129,
        0.7889988063960405
    ],
    "train_acc": [
        0.8482964648979302,
        0.8940607440073974,
        0.8992389216871755,
        0.8995092111814496,
        0.8975887331958177
    ],
    "val_loss": [
        0.7141024468359893,
        0.6841921521656549,
        0.6622789624178207,
        0.6541668824241171,
        0.6581162960067267
    ],
    "val_acc": [
        0.9217272416543238,
        0.9330067221146178,
        0.942577190383958,
        0.9440583342827845,
        0.9448558733052296
    ]
}